{ "height":15,
 "layers":[
        {
         "data":[20, 20, 20, 20, 20, 20, 20, 20, 20, 20, 20, 20, 20, 20, 20, 20, 20, 20, 20, 20, 20, 1, 20, 1, 1, 1, 1, 1, 1, 20, 1, 1, 1, 1, 1, 1, 1, 1, 1, 20, 20, 1, 20, 1, 20, 20, 20, 20, 20, 20, 1, 20, 20, 20, 20, 20, 20, 20, 1, 20, 20, 1, 20, 1, 20, 1, 1, 1, 1, 1, 1, 1, 1, 1, 1, 20, 1, 20, 1, 20, 20, 1, 20, 1, 20, 1, 20, 20, 20, 20, 20, 1, 20, 20, 1, 20, 1, 20, 1, 20, 20, 1, 1, 1, 20, 1, 20, 1, 1, 1, 20, 1, 1, 20, 1, 20, 1, 1, 1, 20, 20, 1, 20, 1, 1, 1, 20, 1, 20, 1, 20, 1, 20, 20, 20, 20, 20, 20, 1, 20, 20, 1, 20, 1, 20, 1, 20, 1, 20, 1, 20, 1, 1, 1, 1, 1, 1, 20, 1, 20, 20, 1, 20, 20, 20, 1, 20, 1, 20, 1, 20, 1, 20, 20, 20, 20, 1, 20, 1, 20, 20, 1, 1, 1, 1, 1, 20, 1, 20, 1, 20, 1, 1, 1, 1, 20, 1, 20, 1, 20, 20, 1, 20, 20, 20, 20, 20, 1, 20, 20, 20, 1, 20, 20, 20, 20, 1, 20, 1, 20, 20, 1, 20, 1, 1, 1, 1, 1, 1, 1, 1, 1, 1, 20, 1, 1, 1, 20, 1, 20, 20, 1, 20, 20, 20, 20, 20, 20, 20, 20, 20, 20, 1, 20, 20, 20, 20, 20, 1, 20, 20, 1, 1, 1, 1, 1, 1, 1, 1, 1, 1, 1, 1, 1, 1, 1, 1, 1, 1, 20, 20, 20, 20, 20, 20, 20, 20, 20, 20, 20, 20, 20, 20, 20, 20, 20, 20, 20, 20, 20],
         "height":15,
         "name":"Tile Layer 1",
         "opacity":1,
         "type":"tilelayer",
         "visible":false,
         "width":20,
         "x":0,
         "y":0
        }, 
        {
         "data":[20, 20, 20, 20, 20, 20, 20, 20, 20, 20, 20, 20, 20, 20, 20, 20, 20, 20, 20, 20, 20, 1, 20, 1, 20, 1, 20, 1, 20, 1, 20, 20, 20, 20, 20, 1, 1, 20, 20, 20, 20, 1, 1, 1, 20, 1, 1, 1, 1, 1, 1, 1, 1, 1, 1, 1, 1, 1, 1, 20, 20, 1, 20, 1, 20, 20, 1, 20, 20, 20, 20, 20, 1, 20, 20, 20, 20, 20, 1, 20, 20, 1, 20, 1, 1, 1, 1, 1, 1, 1, 1, 1, 1, 1, 1, 1, 1, 20, 1, 20, 20, 1, 20, 20, 20, 20, 20, 20, 20, 1, 20, 20, 20, 20, 1, 20, 1, 20, 1, 20, 20, 1, 1, 1, 1, 1, 1, 1, 1, 1, 1, 1, 1, 1, 1, 1, 1, 20, 1, 20, 20, 1, 20, 20, 20, 1, 20, 20, 20, 20, 20, 20, 20, 1, 20, 1, 1, 1, 20, 20, 20, 1, 20, 1, 20, 1, 1, 1, 20, 1, 1, 1, 20, 1, 20, 1, 20, 1, 1, 20, 20, 1, 20, 1, 20, 1, 20, 1, 20, 1, 20, 1, 20, 1, 20, 20, 20, 20, 1, 20, 20, 1, 20, 1, 20, 1, 20, 1, 20, 1, 20, 1, 20, 1, 20, 1, 1, 1, 1, 20, 20, 1, 20, 1, 1, 1, 20, 1, 1, 1, 20, 1, 1, 1, 1, 1, 20, 20, 1, 20, 20, 1, 20, 20, 1, 20, 20, 20, 1, 20, 20, 20, 20, 20, 20, 1, 20, 1, 1, 20, 20, 1, 1, 1, 1, 1, 1, 1, 1, 1, 1, 1, 1, 1, 1, 1, 1, 1, 1, 20, 20, 20, 20, 20, 20, 20, 20, 20, 20, 20, 20, 20, 20, 20, 20, 20, 20, 20, 20, 20],
         "height":15,
         "name":"Tile Layer 2",
         "opacity":1,
         "type":"tilelayer",
         "visible":true,
         "width":20,
         "x":0,
         "y":0
        }],
 "orientation":"orthogonal",
 "properties":
    {

    },
 "tileheight":32,
 "tilesets":[
        {
         "firstgid":1,
         "image":"tiles.png",
         "imageheight":320,
         "imagewidth":448,
         "margin":0,
         "name":"tiles",
         "properties":
            {

            },
         "spacing":0,
         "tileheight":32,
         "tilewidth":32
        }],
 "tilewidth":32,
 "version":1,
 "width":20
}